frame_number,class,x,y,width,height,confidence
0,Engine Flames,491.0,236.5,12.0,13.0,0.4427236020565033
0,Engine Flames,380.5,8.5,41.0,17.0,0.4229820966720581
0,Engine Flames,628.0,89.5,20.0,17.0,0.40061482787132263
1,Engine Flames,491.0,236.5,12.0,13.0,0.40956875681877136
1,Engine Flames,384.5,8.5,43.0,17.0,0.4019754230976105
2,Engine Flames,384.5,8.5,41.0,17.0,0.41630053520202637
2,Engine Flames,491.0,236.5,12.0,13.0,0.4121840000152588
3,Engine Flames,380.5,8.5,41.0,17.0,0.416238009929657
3,Engine Flames,491.0,236.5,12.0,13.0,0.4133763015270233
4,Engine Flames,491.0,236.5,12.0,13.0,0.4422607719898224
4,Engine Flames,628.5,89.5,19.0,17.0,0.40813320875167847
5,Engine Flames,491.0,236.5,12.0,13.0,0.43363821506500244
5,Engine Flames,384.5,8.5,41.0,17.0,0.40917888283729553
6,Engine Flames,628.0,89.0,20.0,16.0,0.43877753615379333
6,Engine Flames,491.0,236.5,12.0,13.0,0.43677082657814026
7,Engine Flames,491.0,237.0,12.0,12.0,0.42454060912132263
7,Engine Flames,628.5,89.5,19.0,17.0,0.42287397384643555
7,Engine Flames,381.5,8.5,41.0,17.0,0.4097920358181
8,Engine Flames,490.5,237.0,13.0,12.0,0.42442578077316284
8,Engine Flames,381.5,8.5,39.0,17.0,0.4225490987300873
9,Engine Flames,628.0,89.5,20.0,17.0,0.4369066655635834
9,Engine Flames,380.5,8.5,41.0,17.0,0.434072345495224
9,Engine Flames,490.5,237.0,13.0,12.0,0.4194166958332062
10,Engine Flames,381.0,8.5,40.0,17.0,0.43781813979148865
10,Engine Flames,628.5,89.5,19.0,17.0,0.4029446542263031
11,Engine Flames,628.0,89.5,20.0,17.0,0.45453569293022156
11,Engine Flames,384.0,8.5,40.0,17.0,0.433326780796051
12,Engine Flames,384.5,8.5,41.0,17.0,0.4367865324020386
12,Engine Flames,629.0,89.5,18.0,17.0,0.4196133613586426
12,Engine Flames,491.0,237.0,12.0,12.0,0.4032788574695587
13,Engine Flames,628.0,89.5,20.0,17.0,0.4633881449699402
13,Engine Flames,381.5,8.5,39.0,17.0,0.44314831495285034
14,Engine Flames,381.0,8.5,40.0,17.0,0.44162750244140625
14,Engine Flames,628.0,90.0,20.0,18.0,0.4017523229122162
15,Engine Flames,382.0,8.5,38.0,17.0,0.4401285946369171
15,Engine Flames,628.0,89.5,20.0,17.0,0.4074358344078064
16,Engine Flames,491.0,237.0,12.0,12.0,0.4229051172733307
16,Engine Flames,381.5,8.5,39.0,17.0,0.4220708906650543
17,Engine Flames,381.0,8.5,40.0,17.0,0.4453739523887634
17,Engine Flames,491.0,237.0,12.0,12.0,0.41885602474212646
18,Engine Flames,381.0,8.5,40.0,17.0,0.4110238552093506
18,Engine Flames,491.0,237.0,12.0,12.0,0.4016534090042114
19,Engine Flames,381.5,8.5,39.0,17.0,0.4226491451263428
19,Engine Flames,491.0,237.0,14.0,12.0,0.42254453897476196
20,Engine Flames,627.5,89.5,19.0,17.0,0.4448893070220947
20,Engine Flames,381.5,8.5,39.0,17.0,0.41603291034698486
21,Engine Flames,381.0,8.5,40.0,17.0,0.43986985087394714
21,Engine Flames,491.5,237.0,13.0,12.0,0.40885698795318604
22,Engine Flames,381.5,8.5,39.0,17.0,0.4381621181964874
23,Engine Flames,628.0,89.5,20.0,17.0,0.4534459710121155
23,Engine Flames,383.5,8.5,41.0,17.0,0.44601118564605713
23,Engine Flames,491.5,236.5,13.0,13.0,0.41608595848083496
24,Engine Flames,384.0,8.5,40.0,17.0,0.45171141624450684
25,Engine Flames,381.5,8.5,39.0,17.0,0.43996065855026245
25,Engine Flames,627.5,89.5,21.0,17.0,0.43704187870025635
26,Engine Flames,627.5,89.5,21.0,17.0,0.4513782560825348
26,Engine Flames,381.0,8.5,40.0,17.0,0.4377168118953705
27,Engine Flames,381.0,8.5,40.0,17.0,0.42723122239112854
27,Engine Flames,627.5,89.0,19.0,16.0,0.42602550983428955
28,Engine Flames,381.0,8.5,40.0,17.0,0.45367512106895447
29,Engine Flames,381.0,8.0,40.0,16.0,0.4140406548976898
30,Engine Flames,381.5,8.5,39.0,17.0,0.42298921942710876
31,Engine Flames,628.0,89.0,20.0,16.0,0.450118750333786
31,Engine Flames,381.5,8.5,39.0,17.0,0.43153122067451477
32,Engine Flames,381.0,8.5,38.0,17.0,0.4542125165462494
32,Engine Flames,628.0,89.5,18.0,17.0,0.4117928445339203
33,Engine Flames,381.0,8.5,38.0,17.0,0.4559256136417389
34,Engine Flames,381.0,8.5,38.0,17.0,0.4619695246219635
35,Engine Flames,381.0,8.5,38.0,17.0,0.44591647386550903
36,Engine Flames,628.5,89.5,19.0,15.0,0.4383571445941925
36,Engine Flames,381.0,8.5,40.0,17.0,0.43087446689605713
37,Engine Flames,381.0,8.5,40.0,17.0,0.4344238340854645
37,Engine Flames,628.5,89.5,19.0,17.0,0.41002485156059265
38,Engine Flames,381.0,8.5,40.0,17.0,0.4604584574699402
39,Engine Flames,381.0,9.0,40.0,18.0,0.44811126589775085
39,Engine Flames,627.5,89.0,19.0,16.0,0.4057706594467163
40,Engine Flames,380.5,8.5,39.0,17.0,0.44488784670829773
40,Engine Flames,628.5,89.5,19.0,15.0,0.42433658242225647
41,Engine Flames,628.5,89.5,19.0,15.0,0.47058871388435364
41,Engine Flames,381.0,8.5,40.0,17.0,0.44401878118515015
42,Engine Flames,380.5,8.5,41.0,17.0,0.43139487504959106
42,Engine Flames,628.0,89.5,18.0,15.0,0.42884159088134766
43,Engine Flames,629.0,89.5,18.0,15.0,0.4556146264076233
43,Engine Flames,380.5,8.5,39.0,17.0,0.44646161794662476
44,Engine Flames,381.0,8.5,40.0,17.0,0.4319104850292206
44,Engine Flames,628.5,90.0,19.0,16.0,0.40093740820884705
45,Engine Flames,381.0,8.5,40.0,17.0,0.42377370595932007
45,Engine Flames,628.0,89.0,18.0,16.0,0.42117708921432495
46,Engine Flames,380.5,8.5,41.0,17.0,0.4615485370159149
46,Engine Flames,627.5,89.5,19.0,17.0,0.4396837055683136
46,Engine Flames,492.0,237.0,12.0,12.0,0.42119812965393066
47,Engine Flames,380.5,8.5,41.0,17.0,0.46739405393600464
48,Engine Flames,380.5,8.5,41.0,17.0,0.4513196349143982
49,Engine Flames,381.0,8.5,38.0,17.0,0.4403456449508667
50,Engine Flames,381.0,8.5,38.0,17.0,0.43990349769592285
50,Engine Flames,628.5,89.5,19.0,17.0,0.4110253155231476
51,Engine Flames,381.0,8.5,38.0,17.0,0.45529767870903015
51,Engine Flames,629.0,89.0,18.0,16.0,0.4274436831474304
52,Engine Flames,380.5,8.5,41.0,17.0,0.4455704092979431
53,Engine Flames,629.0,89.0,18.0,16.0,0.4562762975692749
53,Engine Flames,380.5,8.5,41.0,17.0,0.4527103006839752
54,Engine Flames,380.5,8.5,41.0,17.0,0.456847608089447
54,Engine Flames,628.0,89.5,20.0,17.0,0.4154931902885437
55,Engine Flames,628.0,89.5,20.0,17.0,0.4500061571598053
55,Engine Flames,380.5,8.5,41.0,17.0,0.44454360008239746
56,Engine Flames,381.0,8.5,40.0,17.0,0.44975224137306213
56,Engine Flames,628.0,89.5,20.0,17.0,0.431418240070343
57,Engine Flames,381.5,8.5,41.0,17.0,0.4202409088611603
58,Engine Flames,381.0,8.5,40.0,17.0,0.43518537282943726
58,Engine Flames,628.0,89.5,20.0,17.0,0.4263535141944885
59,Engine Flames,628.0,90.5,20.0,19.0,0.451703280210495
59,Engine Flames,380.5,8.5,41.0,17.0,0.42246004939079285
60,Engine Flames,381.0,8.5,38.0,17.0,0.4448049068450928
61,Engine Flames,380.5,8.5,41.0,17.0,0.4522673189640045
61,Engine Flames,628.5,89.5,19.0,15.0,0.4266625940799713
62,Engine Flames,381.0,8.5,40.0,17.0,0.43451568484306335
62,Engine Flames,491.5,236.5,13.0,13.0,0.43283557891845703
62,Engine Flames,628.5,90.0,19.0,16.0,0.4184347689151764
63,Engine Flames,382.0,8.5,38.0,17.0,0.44320034980773926
63,Engine Flames,492.0,236.5,12.0,13.0,0.40089112520217896
64,Engine Flames,382.0,9.0,38.0,18.0,0.4471413493156433
64,Engine Flames,492.5,236.5,13.0,13.0,0.4080536663532257
65,Engine Flames,379.5,8.5,43.0,17.0,0.4559667408466339
65,Engine Flames,629.0,89.5,18.0,15.0,0.4252736270427704
66,Engine Flames,629.0,90.0,18.0,16.0,0.42919525504112244
66,Engine Flames,381.0,8.5,38.0,17.0,0.42675089836120605
67,Engine Flames,628.5,90.0,19.0,16.0,0.44906553626060486
67,Engine Flames,380.5,8.5,41.0,17.0,0.44771429896354675
68,Engine Flames,381.0,8.5,40.0,17.0,0.4455307424068451
69,Engine Flames,628.5,89.5,19.0,17.0,0.4477330446243286
69,Engine Flames,381.5,8.5,39.0,17.0,0.44188791513442993
70,Engine Flames,629.0,89.5,18.0,15.0,0.43609994649887085
70,Engine Flames,381.5,8.5,41.0,17.0,0.4292433559894562
70,Engine Flames,492.5,237.0,13.0,12.0,0.40139952301979065
71,Engine Flames,381.0,8.5,40.0,17.0,0.4696609377861023
71,Engine Flames,628.5,90.0,19.0,16.0,0.43260905146598816
72,Engine Flames,381.5,8.5,39.0,17.0,0.4454635977745056
72,Engine Flames,628.5,90.0,19.0,16.0,0.4226437509059906
73,Engine Flames,381.5,8.5,39.0,17.0,0.4366047978401184
73,Engine Flames,628.0,90.0,18.0,16.0,0.4301242530345917
74,Engine Flames,384.0,8.5,40.0,17.0,0.4657013416290283
75,Engine Flames,629.0,90.0,18.0,16.0,0.413306325674057
76,Engine Flames,629.0,89.5,18.0,15.0,0.44961288571357727
76,Engine Flames,381.5,8.5,39.0,17.0,0.40555906295776367
77,Engine Flames,384.5,8.5,39.0,17.0,0.42080724239349365
78,Engine Flames,492.5,237.0,13.0,12.0,0.42588990926742554
78,Engine Flames,384.0,8.5,40.0,17.0,0.4148170053958893
79,Engine Flames,384.0,8.5,38.0,17.0,0.432235449552536
79,Engine Flames,628.0,90.5,20.0,19.0,0.4214765429496765
80,Engine Flames,628.5,89.5,19.0,17.0,0.46925580501556396
80,Engine Flames,384.0,8.5,40.0,17.0,0.44252580404281616
81,Engine Flames,629.0,89.5,18.0,15.0,0.4709099531173706
81,Engine Flames,384.0,8.5,40.0,17.0,0.43441975116729736
82,Engine Flames,629.0,89.5,18.0,15.0,0.46101659536361694
82,Engine Flames,381.0,8.5,40.0,17.0,0.45488235354423523
83,Engine Flames,628.5,90.0,19.0,16.0,0.45207101106643677
83,Engine Flames,381.0,8.5,40.0,17.0,0.4462681710720062
84,Engine Flames,384.0,8.5,40.0,17.0,0.4427674114704132
84,Engine Flames,628.5,90.0,19.0,16.0,0.43359872698783875
85,Engine Flames,384.0,8.5,40.0,17.0,0.4534704089164734
85,Engine Flames,629.5,90.0,17.0,16.0,0.4277050793170929
86,Engine Flames,384.0,8.5,40.0,17.0,0.45544636249542236
86,Engine Flames,629.0,89.5,18.0,15.0,0.4358082413673401
87,Engine Flames,384.0,8.5,40.0,17.0,0.4515573978424072
87,Engine Flames,628.5,90.0,19.0,16.0,0.4131479561328888
88,Engine Flames,381.5,8.5,41.0,17.0,0.4148368537425995
89,Engine Flames,381.5,8.5,41.0,17.0,0.41579490900039673
90,Engine Flames,383.5,8.5,41.0,17.0,0.4351302683353424
90,Engine Flames,628.5,90.0,19.0,16.0,0.40358293056488037
91,Engine Flames,629.5,89.5,17.0,15.0,0.43841394782066345
91,Engine Flames,380.5,8.5,41.0,17.0,0.4148610234260559
92,Engine Flames,629.5,89.5,17.0,15.0,0.42902374267578125
92,Engine Flames,381.0,8.5,40.0,17.0,0.4250778555870056
93,Engine Flames,381.5,8.5,39.0,17.0,0.454835444688797
93,Engine Flames,630.0,89.5,16.0,15.0,0.42718908190727234
94,Engine Flames,384.0,8.5,40.0,17.0,0.45003196597099304
94,Engine Flames,629.0,89.5,18.0,15.0,0.4483810067176819
95,Engine Flames,384.0,8.5,40.0,17.0,0.45471423864364624
95,Engine Flames,629.5,89.5,17.0,15.0,0.42597639560699463
96,Engine Flames,381.0,8.5,40.0,17.0,0.45142287015914917
96,Engine Flames,629.0,90.0,18.0,16.0,0.44691044092178345
97,Engine Flames,629.0,90.0,18.0,16.0,0.4841516315937042
97,Engine Flames,381.5,8.5,37.0,17.0,0.45813655853271484
97,Engine Flames,493.0,237.5,12.0,11.0,0.411796897649765
98,Engine Flames,384.0,8.5,38.0,17.0,0.461452841758728
98,Engine Flames,629.0,90.0,18.0,16.0,0.4484384059906006
99,Engine Flames,629.5,90.0,17.0,16.0,0.4718553125858307
99,Engine Flames,381.5,8.5,37.0,17.0,0.4538513422012329
100,Engine Flames,381.5,8.5,39.0,17.0,0.48593467473983765
100,Engine Flames,628.5,90.0,19.0,16.0,0.4356364607810974
101,Engine Flames,384.0,8.5,40.0,17.0,0.45421117544174194
101,Engine Flames,628.0,90.5,20.0,17.0,0.40529656410217285
102,Engine Flames,382.0,8.5,38.0,17.0,0.44182565808296204
102,Engine Flames,629.0,90.0,18.0,16.0,0.4313764274120331
103,Engine Flames,381.5,8.5,39.0,17.0,0.46286433935165405
103,Engine Flames,628.5,90.5,19.0,17.0,0.42577800154685974
104,Engine Flames,629.0,90.0,18.0,16.0,0.44084814190864563
104,Engine Flames,380.5,8.5,41.0,17.0,0.43431904911994934
105,Engine Flames,381.5,8.5,39.0,17.0,0.4629935026168823
105,Engine Flames,629.0,90.0,18.0,16.0,0.43866202235221863
106,Engine Flames,381.0,8.5,38.0,17.0,0.47401705384254456
107,Engine Flames,382.0,8.5,38.0,17.0,0.44057250022888184
107,Engine Flames,629.0,90.0,18.0,16.0,0.4357638359069824
108,Engine Flames,629.0,90.0,18.0,16.0,0.44051608443260193
108,Engine Flames,382.0,8.5,38.0,17.0,0.4374377429485321
108,Engine Flames,493.0,237.0,12.0,12.0,0.4078262448310852
109,Engine Flames,381.5,8.5,39.0,17.0,0.43316611647605896
109,Engine Flames,629.0,90.0,18.0,16.0,0.41972723603248596
110,Engine Flames,381.0,8.5,42.0,17.0,0.44413048028945923
110,Engine Flames,629.5,90.0,17.0,16.0,0.4143385589122772
111,Engine Flames,380.5,8.5,41.0,17.0,0.44013044238090515
111,Engine Flames,629.0,90.0,18.0,16.0,0.42694607377052307
112,Engine Flames,384.0,8.5,40.0,17.0,0.44238099455833435
112,Engine Flames,629.0,90.0,18.0,16.0,0.4337524175643921
113,Engine Flames,628.5,89.5,17.0,15.0,0.4492283761501312
113,Engine Flames,381.0,8.5,40.0,17.0,0.44907256960868835
114,Engine Flames,381.5,8.5,41.0,17.0,0.44992777705192566
114,Engine Flames,629.0,90.0,18.0,16.0,0.4244551658630371
115,Engine Flames,629.0,89.5,18.0,15.0,0.4493536353111267
115,Engine Flames,381.0,8.5,40.0,17.0,0.4422397017478943
116,Engine Flames,630.5,89.5,15.0,15.0,0.4381372630596161
116,Engine Flames,381.0,8.5,38.0,17.0,0.4369352459907532
117,Engine Flames,630.5,89.5,15.0,15.0,0.4545065462589264
117,Engine Flames,381.0,8.5,38.0,17.0,0.4401119649410248
118,Engine Flames,384.5,8.5,39.0,17.0,0.4351786971092224
118,Engine Flames,629.5,90.0,17.0,16.0,0.42625892162323
119,Engine Flames,381.0,8.5,40.0,17.0,0.4276547133922577
120,Engine Flames,381.0,8.5,40.0,17.0,0.4427102506160736
121,Engine Flames,630.0,89.5,16.0,15.0,0.4426829218864441
121,Engine Flames,380.5,8.5,41.0,17.0,0.43399685621261597
122,Engine Flames,381.0,8.5,40.0,17.0,0.4451030194759369
122,Engine Flames,630.0,89.5,16.0,15.0,0.4402548372745514
123,Engine Flames,629.5,89.5,17.0,15.0,0.4662717580795288
123,Engine Flames,381.5,8.5,39.0,17.0,0.44328778982162476
124,Engine Flames,381.0,8.5,38.0,17.0,0.462393194437027
124,Engine Flames,630.0,90.0,16.0,14.0,0.44262662529945374
124,Engine Flames,493.0,237.0,12.0,12.0,0.4052450358867645
125,Engine Flames,381.0,8.5,40.0,17.0,0.4430352747440338
126,Engine Flames,381.0,8.5,40.0,17.0,0.44984620809555054
126,Engine Flames,493.0,237.0,12.0,12.0,0.4291926324367523
126,Engine Flames,628.5,90.0,19.0,16.0,0.4018920660018921
127,Engine Flames,629.5,90.0,17.0,16.0,0.46280449628829956
127,Engine Flames,493.0,237.0,12.0,12.0,0.4379526972770691
127,Engine Flames,380.5,8.5,41.0,17.0,0.43159353733062744
128,Engine Flames,629.5,90.0,17.0,16.0,0.44043636322021484
128,Engine Flames,493.0,237.0,12.0,12.0,0.4260309934616089
128,Engine Flames,381.5,8.5,41.0,17.0,0.41880184412002563
129,Engine Flames,381.0,8.5,40.0,17.0,0.45225387811660767
129,Engine Flames,629.0,90.0,18.0,16.0,0.4388023316860199
129,Engine Flames,493.0,237.0,12.0,12.0,0.43074408173561096
130,Engine Flames,629.5,90.0,17.0,16.0,0.44157227873802185
130,Engine Flames,381.5,8.5,41.0,17.0,0.43956828117370605
130,Engine Flames,493.5,237.5,11.0,11.0,0.4142557382583618
131,Engine Flames,381.5,8.5,41.0,17.0,0.4500170350074768
131,Engine Flames,629.0,90.0,18.0,16.0,0.4256565272808075
131,Engine Flames,493.5,237.5,11.0,11.0,0.4119972288608551
132,Engine Flames,629.5,89.5,17.0,15.0,0.46195387840270996
132,Engine Flames,493.5,237.0,13.0,12.0,0.4329349100589752
132,Engine Flames,381.5,8.5,41.0,17.0,0.4322059452533722
133,Engine Flames,629.5,89.5,17.0,15.0,0.44455409049987793
133,Engine Flames,384.0,8.5,40.0,17.0,0.44236141443252563
133,Engine Flames,493.5,237.5,11.0,11.0,0.4141404628753662
134,Engine Flames,381.0,8.5,40.0,17.0,0.461617112159729
134,Engine Flames,630.0,89.5,16.0,15.0,0.43056926131248474
135,Engine Flames,381.5,8.5,39.0,17.0,0.443638414144516
135,Engine Flames,628.5,90.0,19.0,16.0,0.40515071153640747
136,Engine Flames,384.0,8.5,40.0,17.0,0.4541812539100647
137,Engine Flames,384.0,8.5,42.0,17.0,0.4430643618106842
137,Engine Flames,629.5,89.5,17.0,15.0,0.4421704113483429
138,Engine Flames,384.0,8.5,40.0,17.0,0.44298964738845825
138,Engine Flames,630.0,89.5,16.0,15.0,0.4118046462535858
139,Engine Flames,384.0,8.5,40.0,17.0,0.4519874155521393
139,Engine Flames,493.5,237.0,11.0,12.0,0.4198731482028961
139,Engine Flames,629.0,89.5,18.0,15.0,0.4119364023208618
140,Engine Flames,629.5,89.5,17.0,15.0,0.45271846652030945
140,Engine Flames,381.5,8.5,39.0,17.0,0.4513372778892517
140,Engine Flames,493.5,237.0,11.0,12.0,0.4019290804862976
141,Engine Flames,629.5,89.5,17.0,15.0,0.43414273858070374
141,Engine Flames,381.5,8.5,39.0,17.0,0.425176739692688
141,Engine Flames,493.5,237.0,11.0,12.0,0.41960522532463074
142,Engine Flames,381.5,8.5,39.0,17.0,0.4320225715637207
143,Engine Flames,381.0,8.5,40.0,17.0,0.4537046551704407
143,Engine Flames,493.5,237.5,11.0,11.0,0.40337803959846497
144,Engine Flames,493.5,238.0,11.0,12.0,0.43929266929626465
144,Engine Flames,381.5,8.5,41.0,17.0,0.4307868182659149
145,Engine Flames,381.0,8.5,40.0,17.0,0.4686843752861023
145,Engine Flames,494.0,237.5,12.0,13.0,0.40916475653648376
145,Engine Flames,629.0,90.5,18.0,17.0,0.40059927105903625
146,Engine Flames,381.0,8.5,40.0,17.0,0.4671362638473511
147,Engine Flames,382.0,8.5,38.0,17.0,0.4709108769893646
147,Engine Flames,629.5,90.0,17.0,16.0,0.4288357198238373
148,Engine Flames,381.0,8.5,40.0,17.0,0.4547724425792694
148,Engine Flames,629.5,90.0,17.0,16.0,0.4443630576133728
149,Engine Flames,381.5,8.5,39.0,17.0,0.4463300406932831
149,Engine Flames,629.5,89.5,17.0,15.0,0.42088615894317627
150,Engine Flames,384.0,8.5,40.0,17.0,0.4692281186580658
150,Engine Flames,629.5,90.0,17.0,16.0,0.4163590669631958
150,Engine Flames,494.0,237.5,12.0,11.0,0.4045851230621338
151,Engine Flames,381.0,8.5,40.0,17.0,0.43651291728019714
152,Engine Flames,381.5,8.5,41.0,17.0,0.42868560552597046
153,Engine Flames,381.0,8.5,40.0,17.0,0.4427014887332916
153,Engine Flames,494.0,238.0,12.0,12.0,0.40015485882759094
154,Engine Flames,381.0,8.5,40.0,17.0,0.4693191945552826
154,Engine Flames,629.5,90.0,17.0,16.0,0.41064944863319397
155,Engine Flames,384.0,9.0,40.0,18.0,0.4682027995586395
155,Engine Flames,628.5,90.0,17.0,16.0,0.40747350454330444
156,Engine Flames,381.5,8.5,39.0,17.0,0.4602494537830353
157,Engine Flames,381.5,8.5,39.0,17.0,0.44744327664375305
157,Engine Flames,629.5,90.0,17.0,16.0,0.4226337969303131
158,Engine Flames,382.0,8.5,38.0,17.0,0.4480378329753876
158,Engine Flames,494.0,238.0,12.0,12.0,0.4098939299583435
159,Engine Flames,383.5,8.5,41.0,17.0,0.44028541445732117
159,Engine Flames,493.5,237.0,11.0,12.0,0.40013694763183594
160,Engine Flames,381.5,8.5,41.0,17.0,0.421339213848114
160,Engine Flames,629.5,90.0,17.0,16.0,0.4160469174385071
160,Engine Flames,494.0,238.0,12.0,12.0,0.41266509890556335
161,Engine Flames,382.0,8.5,38.0,17.0,0.4504811763763428
161,Engine Flames,629.0,90.5,16.0,15.0,0.4146578311920166
161,Engine Flames,494.0,238.0,12.0,12.0,0.4137158691883087
162,Engine Flames,494.0,237.5,12.0,13.0,0.47127100825309753
162,Engine Flames,383.5,9.0,41.0,18.0,0.45843076705932617
162,Engine Flames,629.0,90.5,16.0,15.0,0.43992874026298523
163,Engine Flames,381.0,9.0,40.0,18.0,0.47089672088623047
163,Engine Flames,494.0,237.5,12.0,13.0,0.46959754824638367
163,Engine Flames,628.5,90.0,17.0,16.0,0.42483842372894287
164,Engine Flames,381.5,9.0,37.0,18.0,0.4778023660182953
164,Engine Flames,494.0,237.5,12.0,13.0,0.4133659303188324
165,Engine Flames,381.0,9.0,38.0,18.0,0.46732351183891296
165,Engine Flames,630.0,90.0,16.0,16.0,0.41297823190689087
166,Engine Flames,381.0,8.5,40.0,17.0,0.45303672552108765
166,Engine Flames,629.5,90.0,15.0,14.0,0.40499940514564514
167,Engine Flames,381.0,8.5,40.0,17.0,0.4661702811717987
167,Engine Flames,630.0,89.5,16.0,15.0,0.41848596930503845
167,Engine Flames,494.0,238.0,12.0,12.0,0.40460386872291565
168,Engine Flames,381.0,8.5,42.0,17.0,0.44607993960380554
168,Engine Flames,494.0,237.5,12.0,13.0,0.40099361538887024
169,Engine Flames,381.0,8.5,40.0,17.0,0.429780513048172
169,Engine Flames,494.0,237.0,12.0,12.0,0.41214045882225037
169,Engine Flames,629.5,90.0,15.0,16.0,0.4084793031215668
170,Engine Flames,381.5,9.0,39.0,18.0,0.4200313985347748
171,Engine Flames,629.0,90.0,18.0,16.0,0.4579413831233978
171,Engine Flames,381.5,8.5,41.0,17.0,0.4125797152519226
172,Engine Flames,381.0,9.0,40.0,18.0,0.45454779267311096
173,Engine Flames,381.0,8.5,40.0,17.0,0.4472718834877014
173,Engine Flames,494.5,238.0,11.0,12.0,0.4321747124195099
174,Engine Flames,381.0,8.5,40.0,17.0,0.47189807891845703
174,Engine Flames,494.5,237.5,11.0,11.0,0.41385382413864136
174,Engine Flames,629.5,90.5,17.0,15.0,0.41343799233436584
175,Engine Flames,381.0,8.5,40.0,17.0,0.4320374131202698
176,Engine Flames,381.0,8.5,40.0,17.0,0.45862600207328796
177,Engine Flames,381.5,8.5,41.0,17.0,0.43661683797836304
178,Engine Flames,381.5,9.0,37.0,18.0,0.4540499746799469
179,Engine Flames,381.5,8.5,37.0,17.0,0.43360036611557007
180,Engine Flames,629.5,90.0,17.0,16.0,0.417641818523407
180,Engine Flames,382.0,8.5,36.0,17.0,0.4106438457965851
181,Engine Flames,494.5,238.0,11.0,12.0,0.4160521328449249
182,Engine Flames,381.0,8.5,42.0,17.0,0.4093376398086548
183,Engine Flames,381.0,8.5,40.0,17.0,0.4175064265727997
183,Engine Flames,494.5,237.5,11.0,11.0,0.40539976954460144
184,Engine Flames,494.0,237.5,12.0,13.0,0.41629308462142944
185,Engine Flames,494.5,237.0,11.0,12.0,0.41690459847450256
185,Engine Flames,384.0,8.5,40.0,17.0,0.41587939858436584
186,Engine Flames,495.0,237.5,12.0,13.0,0.4712364673614502
186,Engine Flames,384.0,8.5,40.0,17.0,0.419994056224823
187,Engine Flames,495.0,237.5,12.0,13.0,0.4222557544708252
187,Engine Flames,382.0,8.5,40.0,17.0,0.42138031125068665
188,Engine Flames,381.5,8.5,41.0,17.0,0.43969014286994934
189,Engine Flames,381.5,8.5,39.0,17.0,0.4291945695877075
189,Engine Flames,494.5,237.5,11.0,13.0,0.40776166319847107
190,Engine Flames,384.0,8.5,40.0,17.0,0.438456267118454
190,Engine Flames,494.5,237.0,11.0,12.0,0.4189862906932831
191,Engine Flames,495.0,237.5,12.0,13.0,0.48959317803382874
191,Engine Flames,381.5,8.5,39.0,17.0,0.4213336706161499
192,Engine Flames,495.0,237.0,12.0,12.0,0.43941530585289
192,Engine Flames,381.0,8.5,38.0,17.0,0.43112602829933167
192,Engine Flames,628.0,90.0,18.0,16.0,0.4161323606967926
193,Engine Flames,495.0,237.5,12.0,13.0,0.44869208335876465
193,Engine Flames,381.5,8.5,41.0,17.0,0.4266379773616791
194,Engine Flames,381.0,8.5,40.0,17.0,0.43989723920822144
194,Engine Flames,494.5,237.0,11.0,12.0,0.40064361691474915
195,Engine Flames,381.0,8.5,40.0,17.0,0.43785560131073
195,Engine Flames,494.5,237.5,11.0,13.0,0.4041106700897217
196,Engine Flames,381.0,8.5,40.0,17.0,0.42681217193603516
196,Engine Flames,494.5,237.5,11.0,13.0,0.4184223413467407
197,Engine Flames,380.0,8.5,42.0,17.0,0.4350997805595398
197,Engine Flames,494.5,237.5,11.0,13.0,0.4074942171573639
198,Engine Flames,380.5,8.5,41.0,17.0,0.4314253330230713
199,Engine Flames,381.5,8.5,39.0,17.0,0.4298345148563385
199,Engine Flames,494.5,237.5,11.0,13.0,0.40060627460479736
200,Engine Flames,380.0,8.5,40.0,17.0,0.46776291728019714
200,Engine Flames,494.5,237.5,11.0,13.0,0.4310248792171478
201,Engine Flames,495.0,237.0,12.0,12.0,0.46356672048568726
201,Engine Flames,381.0,8.5,40.0,17.0,0.4379608929157257
202,Engine Flames,382.5,8.5,39.0,17.0,0.43938249349594116
202,Engine Flames,495.0,237.0,12.0,12.0,0.41184958815574646
203,Engine Flames,382.0,9.0,38.0,18.0,0.4505974352359772
203,Engine Flames,495.0,237.5,12.0,13.0,0.44586119055747986
204,Engine Flames,381.5,9.0,39.0,18.0,0.4593595564365387
204,Engine Flames,495.0,237.0,12.0,12.0,0.445487380027771
205,Engine Flames,381.0,8.5,38.0,17.0,0.4509740173816681
205,Engine Flames,495.0,237.5,12.0,13.0,0.44741126894950867
206,Engine Flames,495.0,237.0,12.0,12.0,0.45006340742111206
206,Engine Flames,384.0,8.5,40.0,17.0,0.44067278504371643
207,Engine Flames,495.0,237.0,12.0,12.0,0.44264936447143555
207,Engine Flames,384.0,8.5,40.0,17.0,0.4377524256706238
208,Engine Flames,384.0,8.5,40.0,17.0,0.43882372975349426
209,Engine Flames,384.5,8.5,41.0,17.0,0.44075506925582886
210,Engine Flames,384.0,8.5,40.0,17.0,0.4247277081012726
211,Engine Flames,381.0,8.5,40.0,17.0,0.45664146542549133
211,Engine Flames,495.0,237.5,12.0,11.0,0.43512117862701416
212,Engine Flames,381.5,9.0,39.0,18.0,0.4382798969745636
212,Engine Flames,495.0,237.5,12.0,11.0,0.4341307580471039
213,Engine Flames,495.0,237.5,12.0,11.0,0.4375966191291809
213,Engine Flames,381.5,8.5,39.0,17.0,0.41654959321022034
214,Engine Flames,495.0,238.0,12.0,12.0,0.44135233759880066
214,Engine Flames,382.0,8.5,38.0,17.0,0.4401550889015198
215,Engine Flames,495.0,237.5,12.0,13.0,0.4843323230743408
215,Engine Flames,381.5,8.5,39.0,17.0,0.45013225078582764
216,Engine Flames,495.5,237.5,11.0,11.0,0.48660215735435486
216,Engine Flames,381.0,8.5,40.0,17.0,0.44571569561958313
217,Engine Flames,381.0,8.5,40.0,17.0,0.4684814512729645
217,Engine Flames,495.5,237.0,11.0,12.0,0.45358800888061523
218,Engine Flames,381.0,8.5,40.0,17.0,0.4697921574115753
218,Engine Flames,496.0,237.0,12.0,12.0,0.4464389681816101
219,Engine Flames,496.0,237.0,12.0,12.0,0.4818863272666931
219,Engine Flames,381.0,8.5,40.0,17.0,0.4591934382915497
220,Engine Flames,381.5,8.5,39.0,17.0,0.4541972279548645
220,Engine Flames,495.5,237.0,11.0,12.0,0.4293389320373535
221,Engine Flames,496.0,237.5,12.0,11.0,0.4628842771053314
221,Engine Flames,382.0,8.5,38.0,17.0,0.4447733163833618
222,Engine Flames,495.5,237.0,11.0,12.0,0.45879414677619934
222,Engine Flames,380.5,8.5,41.0,17.0,0.44738516211509705
223,Engine Flames,495.5,237.0,11.0,12.0,0.4444088935852051
223,Engine Flames,381.5,8.5,39.0,17.0,0.4378475844860077
224,Engine Flames,495.5,237.5,11.0,11.0,0.4471691846847534
224,Engine Flames,380.5,8.5,41.0,17.0,0.44060400128364563
225,Engine Flames,496.0,237.5,12.0,11.0,0.48577743768692017
225,Engine Flames,380.5,8.5,41.0,17.0,0.45413661003112793
226,Engine Flames,496.0,237.0,12.0,12.0,0.4705086946487427
226,Engine Flames,381.0,8.5,40.0,17.0,0.445557564496994
227,Engine Flames,496.0,237.0,12.0,12.0,0.4638143479824066
227,Engine Flames,381.0,8.5,40.0,17.0,0.4372711777687073
228,Engine Flames,384.0,8.5,40.0,17.0,0.4747278094291687
228,Engine Flames,496.0,237.5,12.0,11.0,0.4606373906135559
229,Engine Flames,496.0,237.0,12.0,12.0,0.48347896337509155
229,Engine Flames,381.5,8.5,39.0,17.0,0.46356281638145447
230,Engine Flames,496.0,237.5,12.0,11.0,0.4428073465824127
230,Engine Flames,381.5,8.5,39.0,17.0,0.43566781282424927
231,Engine Flames,496.0,237.0,12.0,12.0,0.46934372186660767
231,Engine Flames,381.0,8.5,40.0,17.0,0.444560706615448
232,Engine Flames,496.0,237.0,12.0,12.0,0.47755080461502075
232,Engine Flames,381.0,8.5,40.0,17.0,0.4469371438026428
233,Engine Flames,380.5,8.5,41.0,17.0,0.45453524589538574
233,Engine Flames,495.5,237.0,11.0,12.0,0.45364809036254883
234,Engine Flames,496.0,237.0,12.0,12.0,0.46300196647644043
234,Engine Flames,381.5,8.5,41.0,17.0,0.42539340257644653
235,Engine Flames,496.0,237.0,12.0,12.0,0.46072712540626526
235,Engine Flames,381.0,8.5,40.0,17.0,0.43537917733192444
236,Engine Flames,496.0,237.5,12.0,11.0,0.4446532726287842
236,Engine Flames,384.0,8.5,40.0,17.0,0.42530086636543274
237,Engine Flames,496.0,237.5,12.0,11.0,0.459550142288208
237,Engine Flames,381.5,8.5,39.0,17.0,0.424558162689209
238,Engine Flames,496.0,237.0,12.0,12.0,0.46651217341423035
238,Engine Flames,384.0,8.5,40.0,17.0,0.44779306650161743
239,Engine Flames,496.0,237.0,12.0,12.0,0.4768562912940979
239,Engine Flames,381.0,8.5,38.0,17.0,0.4521179795265198
240,Engine Flames,496.0,237.0,12.0,12.0,0.47458258271217346
240,Engine Flames,384.0,8.5,40.0,17.0,0.4416491389274597
241,Engine Flames,496.0,237.0,12.0,12.0,0.4690890610218048
241,Engine Flames,384.0,8.5,40.0,17.0,0.4349965453147888
242,Engine Flames,496.0,237.0,12.0,12.0,0.47945526242256165
242,Engine Flames,381.0,8.5,40.0,17.0,0.4456683099269867
243,Engine Flames,496.0,237.0,12.0,12.0,0.48852455615997314
243,Engine Flames,381.0,8.5,42.0,17.0,0.45040643215179443
244,Engine Flames,496.0,237.0,12.0,12.0,0.49019351601600647
244,Engine Flames,382.0,8.5,38.0,17.0,0.4103095829486847
245,Engine Flames,496.0,237.0,12.0,12.0,0.5035706162452698
245,Engine Flames,384.0,8.5,40.0,17.0,0.43110930919647217
246,Engine Flames,496.5,237.0,13.0,12.0,0.5435798168182373
246,Engine Flames,381.5,8.5,39.0,17.0,0.45468395948410034
247,Engine Flames,496.0,237.0,12.0,12.0,0.5048086643218994
247,Engine Flames,381.5,9.0,39.0,18.0,0.4688948690891266
248,Engine Flames,496.0,237.0,12.0,12.0,0.4770560562610626
248,Engine Flames,381.5,8.5,39.0,17.0,0.4314567446708679
249,Engine Flames,496.0,237.5,12.0,13.0,0.5119212865829468
249,Engine Flames,381.0,8.5,40.0,17.0,0.43638840317726135
250,Engine Flames,496.5,237.0,13.0,12.0,0.5203235149383545
250,Engine Flames,381.0,8.5,40.0,17.0,0.42771992087364197
251,Engine Flames,496.0,237.5,12.0,13.0,0.49476560950279236
251,Engine Flames,381.5,8.5,39.0,17.0,0.4632710814476013
252,Engine Flames,496.5,237.0,13.0,12.0,0.4886350631713867
252,Engine Flames,381.5,8.5,39.0,17.0,0.4601539075374603
253,Engine Flames,496.0,237.0,12.0,12.0,0.4549756944179535
253,Engine Flames,383.5,8.5,39.0,17.0,0.4549163579940796
254,Engine Flames,496.5,237.5,13.0,13.0,0.4914616644382477
254,Engine Flames,384.0,8.5,40.0,17.0,0.4640015959739685
255,Engine Flames,496.5,237.5,13.0,13.0,0.5243712663650513
255,Engine Flames,381.5,8.5,41.0,17.0,0.4575708210468292
256,Engine Flames,496.5,237.0,13.0,12.0,0.49117568135261536
256,Engine Flames,380.5,8.5,41.0,17.0,0.4553146958351135
257,Engine Flames,496.5,237.0,13.0,12.0,0.5069395303726196
257,Engine Flames,380.5,8.5,41.0,17.0,0.4458182156085968
258,Engine Flames,496.0,237.0,12.0,12.0,0.49838510155677795
258,Engine Flames,380.5,9.0,39.0,18.0,0.4524814486503601
259,Engine Flames,496.0,237.0,12.0,12.0,0.522645115852356
259,Engine Flames,381.0,8.5,38.0,17.0,0.469292551279068
260,Engine Flames,496.5,237.5,13.0,13.0,0.5520460605621338
260,Engine Flames,381.5,8.0,35.0,16.0,0.45521390438079834
261,Engine Flames,496.5,237.5,13.0,13.0,0.5319740772247314
261,Engine Flames,381.5,8.0,35.0,16.0,0.42220741510391235
262,Engine Flames,496.5,237.0,13.0,14.0,0.5621316432952881
263,Engine Flames,496.5,237.5,13.0,13.0,0.4954219162464142
264,Engine Flames,497.0,237.0,12.0,14.0,0.447530061006546
264,Rocket Body,231.5,333.0,21.0,46.0,0.43430736660957336
269,Engine Flames,283.5,24.5,25.0,41.0,0.4971892535686493
269,Rocket Body,231.0,334.0,26.0,46.0,0.40170496702194214
270,Engine Flames,255.0,148.5,18.0,27.0,0.42929184436798096
271,Engine Flames,207.5,25.0,19.0,26.0,0.5739731788635254
272,Engine Flames,208.0,38.5,16.0,25.0,0.6254550814628601
273,Engine Flames,330.0,19.0,20.0,32.0,0.5341507196426392
277,Engine Flames,11.5,142.5,19.0,29.0,0.5142698287963867
282,Rocket Body,436.0,338.5,16.0,43.0,0.4767988622188568
283,Rocket Body,438.5,340.5,17.0,39.0,0.4734114110469818
284,Engine Flames,240.0,9.0,16.0,18.0,0.455156534910202
284,Rocket Body,233.0,333.0,26.0,48.0,0.44960132241249084
285,Engine Flames,237.5,11.5,19.0,23.0,0.5740299224853516
285,Rocket Body,232.0,333.0,26.0,48.0,0.45057401061058044
286,Rocket Body,233.0,333.0,26.0,48.0,0.4602973759174347
287,Rocket Body,232.5,333.0,25.0,48.0,0.4815477728843689
288,Rocket Body,232.5,333.5,25.0,47.0,0.46663179993629456
289,Engine Flames,324.5,10.5,21.0,21.0,0.424939900636673
290,Engine Flames,324.5,13.0,29.0,26.0,0.5285324454307556
291,Engine Flames,325.0,16.5,28.0,29.0,0.45437055826187134
295,Engine Flames,208.0,8.0,16.0,16.0,0.43115654587745667
296,Engine Flames,211.5,12.0,23.0,24.0,0.7114169001579285
297,Engine Flames,216.0,13.5,30.0,25.0,0.4796426296234131
298,Engine Flames,221.5,15.0,37.0,28.0,0.4387452006340027
306,Engine Flames,497.5,237.5,11.0,13.0,0.5192760229110718
307,Engine Flames,497.0,237.5,12.0,11.0,0.5667924880981445
308,Engine Flames,497.0,237.5,12.0,11.0,0.6050173044204712
309,Engine Flames,389.5,8.0,45.0,16.0,0.5480906963348389
309,Engine Flames,497.0,237.5,12.0,13.0,0.49446091055870056
310,Engine Flames,497.0,237.5,12.0,13.0,0.5064597129821777
310,Engine Flames,392.5,8.5,59.0,17.0,0.49145516753196716
311,Engine Flames,497.0,237.5,12.0,13.0,0.4733993411064148
312,Engine Flames,497.0,237.5,12.0,13.0,0.5183218717575073
312,Engine Flames,424.0,10.0,28.0,20.0,0.4798825681209564
313,Engine Flames,497.0,237.5,12.0,13.0,0.47231870889663696
314,Engine Flames,424.5,16.0,27.0,26.0,0.47644779086112976
314,Engine Flames,497.5,237.5,13.0,13.0,0.4526931345462799
315,Engine Flames,497.5,237.5,13.0,13.0,0.480232834815979
315,Engine Flames,424.5,18.5,29.0,31.0,0.4316299855709076
316,Engine Flames,497.5,237.5,13.0,13.0,0.44395267963409424
317,Engine Flames,497.5,237.5,13.0,13.0,0.44938525557518005
318,Engine Flames,497.0,237.5,12.0,13.0,0.42716607451438904
319,Engine Flames,429.0,28.5,22.0,55.0,0.4935653805732727
319,Engine Flames,497.0,237.5,12.0,13.0,0.403454452753067
320,Engine Flames,429.5,32.5,23.0,57.0,0.5457221269607544
321,Engine Flames,429.0,41.5,22.0,49.0,0.5454086065292358
321,Engine Flames,497.0,237.0,12.0,12.0,0.45464858412742615
322,Engine Flames,428.5,49.0,23.0,40.0,0.5645958781242371
322,Engine Flames,497.0,237.5,12.0,11.0,0.4079478085041046
323,Engine Flames,428.5,52.0,23.0,44.0,0.4873194098472595
324,Engine Flames,497.0,237.0,12.0,12.0,0.47293204069137573
324,Engine Flames,429.0,58.0,22.0,38.0,0.4288882911205292
325,Engine Flames,429.0,62.0,22.0,38.0,0.5885884761810303
325,Engine Flames,497.0,237.0,12.0,12.0,0.460480660200119
326,Engine Flames,428.5,68.5,23.0,33.0,0.507068395614624
326,Engine Flames,497.5,237.0,11.0,12.0,0.46560558676719666
327,Engine Flames,427.5,72.5,23.0,31.0,0.4723721444606781
327,Engine Flames,497.0,237.0,12.0,12.0,0.4300887882709503
328,Engine Flames,497.5,237.5,11.0,11.0,0.401123970746994
329,Engine Flames,497.5,237.0,11.0,12.0,0.454192578792572
330,Engine Flames,497.5,237.5,11.0,11.0,0.41148215532302856
332,Engine Flames,452.5,6.5,11.0,13.0,0.4671856760978699
333,Engine Flames,453.0,8.5,10.0,15.0,0.4204132556915283
334,Engine Flames,454.0,10.5,10.0,19.0,0.512993335723877
342,Engine Flames,190.5,241.0,17.0,22.0,0.41618308424949646
342,Engine Flames,498.0,237.5,12.0,11.0,0.400910884141922
344,Engine Flames,190.0,239.5,18.0,23.0,0.45669057965278625
345,Engine Flames,189.5,239.5,19.0,23.0,0.5124035477638245
346,Engine Flames,189.5,241.0,17.0,22.0,0.5132421255111694
347,Engine Flames,189.5,241.0,17.0,22.0,0.5079802870750427
348,Engine Flames,190.0,241.5,16.0,21.0,0.46170225739479065
361,Engine Flames,498.0,237.0,12.0,12.0,0.41043323278427124
373,Engine Flames,498.0,238.0,12.0,12.0,0.4092574119567871
377,Engine Flames,498.0,237.5,12.0,13.0,0.4037555456161499
381,Engine Flames,354.5,11.0,27.0,22.0,0.4291400611400604
382,Engine Flames,354.0,12.0,26.0,24.0,0.4775502681732178
391,Engine Flames,497.5,238.0,13.0,12.0,0.4028742015361786
396,Engine Flames,498.0,237.5,14.0,13.0,0.42662566900253296
397,Engine Flames,498.0,237.5,14.0,13.0,0.40658673644065857
398,Engine Flames,498.0,237.5,12.0,13.0,0.4157148003578186
399,Engine Flames,498.0,238.0,14.0,12.0,0.4049808979034424
409,Engine Flames,498.5,237.5,13.0,13.0,0.40000617504119873
415,Engine Flames,498.5,238.0,13.0,12.0,0.40806812047958374
416,Engine Flames,498.5,238.0,13.0,12.0,0.4107392728328705
424,Engine Flames,498.5,238.0,13.0,12.0,0.4229055345058441
425,Engine Flames,499.0,238.0,12.0,12.0,0.43136727809906006
426,Engine Flames,499.0,238.5,12.0,11.0,0.4126056432723999
427,Engine Flames,498.5,238.0,13.0,12.0,0.4405222237110138
429,Engine Flames,499.0,238.0,12.0,12.0,0.4371579885482788
430,Engine Flames,498.5,238.0,13.0,12.0,0.40259063243865967
432,Engine Flames,499.5,238.0,13.0,12.0,0.42395809292793274
433,Engine Flames,499.0,238.0,12.0,12.0,0.40315020084381104
445,Engine Flames,499.0,238.5,12.0,11.0,0.4181699752807617
453,Engine Flames,499.5,238.0,13.0,12.0,0.4206112027168274
455,Engine Flames,500.0,238.5,12.0,11.0,0.4353146255016327
456,Engine Flames,499.5,238.0,13.0,12.0,0.43666359782218933
458,Engine Flames,499.5,238.0,13.0,12.0,0.4112042486667633
466,Engine Flames,500.0,238.5,12.0,11.0,0.4265284538269043
467,Engine Flames,500.0,238.5,12.0,11.0,0.42028385400772095
468,Engine Flames,499.5,238.5,13.0,11.0,0.409727543592453
470,Engine Flames,500.0,238.5,12.0,11.0,0.4559420645236969
471,Engine Flames,500.0,238.0,12.0,12.0,0.46784284710884094
473,Engine Flames,500.0,238.0,12.0,12.0,0.4467131793498993
474,Engine Flames,499.5,238.0,13.0,12.0,0.44555315375328064
475,Engine Flames,500.0,238.0,12.0,12.0,0.4459654688835144
476,Engine Flames,500.0,238.0,12.0,12.0,0.48034077882766724
477,Engine Flames,500.5,238.5,13.0,11.0,0.4016563892364502
478,Engine Flames,499.5,238.0,13.0,12.0,0.4359850287437439
485,Engine Flames,500.0,238.5,12.0,11.0,0.4465080201625824
486,Engine Flames,500.0,238.5,12.0,11.0,0.4637627899646759
487,Engine Flames,500.0,238.5,12.0,11.0,0.43876150250434875
488,Engine Flames,500.5,238.5,13.0,11.0,0.4496299624443054
489,Engine Flames,500.0,238.0,12.0,12.0,0.4761205315589905
490,Engine Flames,500.0,238.0,12.0,12.0,0.40999850630760193
491,Engine Flames,501.0,238.5,12.0,11.0,0.42391106486320496
492,Engine Flames,501.0,238.0,12.0,12.0,0.4063112735748291
494,Engine Flames,500.5,238.0,11.0,12.0,0.40693309903144836
495,Engine Flames,500.0,238.0,12.0,12.0,0.42039957642555237
496,Engine Flames,500.5,238.5,11.0,11.0,0.428549200296402
497,Engine Flames,500.0,238.5,12.0,11.0,0.44698718190193176
498,Engine Flames,500.0,238.5,12.0,11.0,0.45607098937034607
499,Engine Flames,500.0,238.5,12.0,11.0,0.48501887917518616
499,Rocket Body,189.0,335.5,10.0,45.0,0.4314117133617401
500,Engine Flames,500.5,238.5,11.0,11.0,0.4439496099948883
501,Engine Flames,500.5,238.5,11.0,11.0,0.46527528762817383
502,Engine Flames,500.5,238.5,11.0,11.0,0.44644251465797424
503,Engine Flames,500.5,238.5,11.0,11.0,0.40380850434303284
504,Engine Flames,500.5,238.5,11.0,11.0,0.4128454625606537
505,Engine Flames,501.0,238.5,12.0,11.0,0.42023369669914246
506,Engine Flames,500.5,238.0,11.0,12.0,0.4550793170928955
507,Engine Flames,500.5,238.5,11.0,11.0,0.43390175700187683
508,Engine Flames,500.5,238.5,11.0,11.0,0.40068671107292175
511,Engine Flames,500.5,238.5,11.0,11.0,0.4365188181400299
512,Engine Flames,500.5,238.5,11.0,11.0,0.45270636677742004
513,Engine Flames,500.5,238.5,11.0,11.0,0.4282626509666443
514,Engine Flames,500.5,238.5,11.0,11.0,0.44287410378456116
521,Engine Flames,500.5,238.5,11.0,11.0,0.4219949245452881
522,Engine Flames,501.5,238.5,11.0,11.0,0.42440563440322876
523,Engine Flames,501.5,238.5,11.0,11.0,0.4905907213687897
524,Engine Flames,501.5,238.5,11.0,11.0,0.467881441116333
525,Engine Flames,501.0,238.5,12.0,11.0,0.4054786264896393
528,Engine Flames,501.5,238.5,11.0,11.0,0.42397913336753845
529,Engine Flames,501.5,238.5,11.0,11.0,0.4520885646343231
531,Engine Flames,501.0,238.5,12.0,11.0,0.4624241590499878
533,Engine Flames,501.0,238.5,12.0,11.0,0.45623597502708435
534,Engine Flames,501.5,238.5,11.0,11.0,0.42638099193573
535,Engine Flames,501.5,238.5,11.0,11.0,0.4292263686656952
537,Engine Flames,501.5,238.5,11.0,11.0,0.4162094295024872
540,Engine Flames,501.5,238.5,11.0,11.0,0.4221256673336029
543,Engine Flames,501.5,238.5,11.0,11.0,0.4426743686199188
544,Engine Flames,501.5,238.5,11.0,11.0,0.42082393169403076
545,Engine Flames,501.5,238.5,11.0,11.0,0.40148264169692993
546,Engine Flames,501.5,238.5,11.0,11.0,0.4363746643066406
547,Engine Flames,501.5,238.5,11.0,11.0,0.42917779088020325
550,Engine Flames,501.5,238.5,11.0,11.0,0.4217820465564728
551,Engine Flames,501.5,238.5,11.0,11.0,0.4128328859806061
554,Engine Flames,501.5,238.5,11.0,11.0,0.42588645219802856
558,Engine Flames,501.5,238.5,11.0,11.0,0.42899513244628906
560,Rocket Body,232.5,334.0,23.0,48.0,0.4516089856624603
560,Engine Flames,501.5,238.5,11.0,11.0,0.42350640892982483
561,Engine Flames,501.5,238.5,11.0,11.0,0.43003061413764954
561,Rocket Body,233.0,333.5,22.0,47.0,0.4263702630996704
562,Engine Flames,501.5,238.5,11.0,11.0,0.4665929675102234
563,Engine Flames,501.5,238.5,11.0,11.0,0.462875097990036
564,Engine Flames,502.0,239.0,10.0,10.0,0.4168602228164673
568,Engine Flames,501.5,238.5,11.0,11.0,0.4085604250431061
569,Engine Flames,501.5,238.5,11.0,11.0,0.4062281548976898
570,Engine Flames,501.5,238.5,11.0,11.0,0.4030107259750366
579,Engine Flames,568.5,225.0,11.0,10.0,0.40245717763900757
580,Engine Flames,501.5,238.5,11.0,11.0,0.4195561110973358
